BEGIN TRANSACTION;


INSERT INTO users(id, email, role) VALUES
('00000000-0000-0000-0000-000000000001','alice@example.com','writer'),
('00000000-0000-0000-0000-000000000002','bob@example.com','reader'),
('00000000-0000-0000-0000-000000000003','carol@example.com','admin'),
('00000000-0000-0000-0000-000000000004','dave@example.com','writer'),
('00000000-0000-0000-0000-000000000005','eve@example.com','reader'),
('00000000-0000-0000-0000-000000000006','frank@example.com','admin'),
('00000000-0000-0000-0000-000000000007','grace@example.com','writer'),
('00000000-0000-0000-0000-000000000008','heidi@example.com','reader'),
('00000000-0000-0000-0000-000000000009','ivan@example.com','admin'),
('00000000-0000-0000-0000-00000000000a','judy@example.com','writer'),
('00000000-0000-0000-0000-00000000000b','kim@example.com','reader'),
('00000000-0000-0000-0000-00000000000c','larry@example.com','admin'),
('00000000-0000-0000-0000-00000000000d','mallory@example.com','writer'),
('00000000-0000-0000-0000-00000000000e','oscar@example.com','reader'),
('00000000-0000-0000-0000-00000000000f','peggy@example.com','admin');

-- 2) 15 тематични списъка
INSERT INTO lists(id, name, created_at, last_updated, owner) VALUES
('10000000-0000-0000-0000-000000000001','Backend Sprint 1','2025-05-20 10:00:00','2025-05-20 10:00:00','00000000-0000-0000-0000-000000000001'),
('10000000-0000-0000-0000-000000000002','Frontend Sprint 1','2025-05-20 10:00:00','2025-05-20 10:00:00','00000000-0000-0000-0000-000000000002'),
('10000000-0000-0000-0000-000000000003','API Sprint 1','2025-05-20 10:00:00','2025-05-20 10:00:00','00000000-0000-0000-0000-000000000003'),
('10000000-0000-0000-0000-000000000004','Database Sprint 1','2025-05-20 10:00:00','2025-05-20 10:00:00','00000000-0000-0000-0000-000000000004'),
                                                                 ('10000000-0000-0000-0000-000000000005','DevOps Sprint 1','2025-05-20 10:00:00','2025-05-20 10:00:00','00000000-0000-0000-0000-000000000005'),
                                                                 ('10000000-0000-0000-0000-000000000006','Testing Sprint 1','2025-05-20 10:00:00','2025-05-20 10:00:00','00000000-0000-0000-0000-000000000006'),
                                                                 ('10000000-0000-0000-0000-000000000007','Documentation Sprint 1','2025-05-20 10:00:00','2025-05-20 10:00:00','00000000-0000-0000-0000-000000000007'),
                                                                 ('10000000-0000-0000-0000-000000000008','UX Sprint 1','2025-05-20 10:00:00','2025-05-20 10:00:00','00000000-0000-0000-0000-000000000008'),
                                                                 ('10000000-0000-0000-0000-000000000009','Security Sprint 1','2025-05-20 10:00:00','2025-05-20 10:00:00','00000000-0000-0000-0000-000000000009'),
                                                                 ('10000000-0000-0000-0000-00000000000a','Infrastructure Sprint 1','2025-05-20 10:00:00','2025-05-20 10:00:00','00000000-0000-0000-0000-00000000000a'),
                                                                 ('10000000-0000-0000-0000-00000000000b','Backend Sprint 2','2025-05-20 10:00:00','2025-05-20 10:00:00','00000000-0000-0000-0000-00000000000b'),
                                                                 ('10000000-0000-0000-0000-00000000000c','Frontend Sprint 2','2025-05-20 10:00:00','2025-05-20 10:00:00','00000000-0000-0000-0000-00000000000c'),
                                                                 ('10000000-0000-0000-0000-00000000000d','API Sprint 2','2025-05-20 10:00:00','2025-05-20 10:00:00','00000000-0000-0000-0000-00000000000d'),
                                                                 ('10000000-0000-0000-0000-00000000000e','Database Sprint 2','2025-05-20 10:00:00','2025-05-20 10:00:00','00000000-0000-0000-0000-00000000000e'),
                                                                 ('10000000-0000-0000-0000-00000000000f','DevOps Sprint 2','2025-05-20 10:00:00','2025-05-20 10:00:00','00000000-0000-0000-0000-00000000000f');

-- 3) 15 TODO-та, свързани със всеки списък и потребител
INSERT INTO todos(
    id, name, description, list_id, status,
    created_at, last_updated, assigned_to, due_date, priority
) VALUES
      ('20000000-0000-0000-0000-000000000001','Implement login in Backend','Task #1: Implement login to improve the Backend module','10000000-0000-0000-0000-000000000001','open','2025-05-20 10:05:00','2025-05-20 10:05:00','00000000-0000-0000-0000-000000000001','2025-06-05 10:00:00','very low'),
      ('20000000-0000-0000-0000-000000000002','Implement signup in Frontend','Task #2: Implement signup to improve the Frontend module','10000000-0000-0000-0000-000000000002','in progress','2025-05-20 10:05:00','2025-05-20 10:05:00','00000000-0000-0000-0000-000000000002','2025-06-06 10:00:00','low'),
      ('20000000-0000-0000-0000-000000000003','Write unit tests for API','Task #3: Write unit tests to improve the API module','10000000-0000-0000-0000-000000000003','done','2025-05-20 10:05:00','2025-05-20 10:05:00','00000000-0000-0000-0000-000000000003','2025-06-07 10:00:00','medium'),
      ('20000000-0000-0000-0000-000000000004','Refactor service layer in Database','Task #4: Refactor service layer to improve the Database module','10000000-0000-0000-0000-000000000004','open','2025-05-20 10:05:00','2025-05-20 10:05:00','00000000-0000-0000-0000-000000000004','2025-06-08 10:00:00','high'),
      ('20000000-0000-0000-0000-000000000005','Optimize database queries in DevOps','Task #5: Optimize database queries to improve the DevOps module','10000000-0000-0000-0000-000000000005','in progress','2025-05-20 10:05:00','2025-05-20 10:05:00','00000000-0000-0000-0000-000000000005','2025-06-09 10:00:00','very high'),
      ('20000000-0000-0000-0000-000000000006','Update API documentation in Testing','Task #6: Update API documentation to improve the Testing module','10000000-0000-0000-0000-000000000006','open','2025-05-20 10:05:00','2025-05-20 10:05:00','00000000-0000-0000-0000-000000000006','2025-06-10 10:00:00','very low'),
      ('20000000-0000-0000-0000-000000000007','Design REST endpoints in Documentation','Task #7: Design REST endpoints to improve the Documentation module','10000000-0000-0000-0000-000000000007','in progress','2025-05-20 10:05:00','2025-05-20 10:05:00','00000000-0000-0000-0000-000000000007','2025-06-11 10:00:00','low'),
      ('20000000-0000-0000-0000-000000000008','Setup CI/CD pipeline in UX','Task #8: Setup CI/CD pipeline to improve the UX module','10000000-0000-0000-0000-000000000008','done','2025-05-20 10:05:00','2025-05-20 10:05:00','00000000-0000-0000-0000-000000000008','2025-06-12 10:00:00','medium'),
      ('20000000-0000-0000-0000-000000000009','Implement caching in Security','Task #9: Implement caching to improve the Security module','10000000-0000-0000-0000-000000000009','open','2025-05-20 10:05:00','2025-05-20 10:05:00','00000000-0000-0000-0000-000000000009','2025-06-13 10:00:00','high'),
      ('20000000-0000-0000-0000-00000000000a','Fix CORS issues in Infrastructure','Task #10: Fix CORS issues to improve the Infrastructure module','10000000-0000-0000-0000-00000000000a','in progress','2025-05-20 10:05:00','2025-05-20 10:05:00','00000000-0000-0000-0000-00000000000a','2025-06-14 10:00:00','very high'),
      ('20000000-0000-0000-0000-00000000000b','Implement logging in Backend','Task #11: Implement logging to improve the Backend module','10000000-0000-0000-0000-00000000000b','open','2025-05-20 10:05:00','2025-05-20 10:05:00','00000000-0000-0000-0000-00000000000b','2025-06-15 10:00:00','very low'),
      ('20000000-0000-0000-0000-00000000000c','Fix memory leaks in Frontend','Task #12: Fix memory leaks to improve the Frontend module','10000000-0000-0000-0000-00000000000c','in progress','2025-05-20 10:05:00','2025-05-20 10:05:00','00000000-0000-0000-0000-00000000000c','2025-06-16 10:00:00','low'),
      ('20000000-0000-0000-0000-00000000000d','Improve performance in API','Task #13: Improve performance to improve the API module','10000000-0000-0000-0000-00000000000d','done','2025-05-20 10:05:00','2025-05-20 10:05:00','00000000-0000-0000-0000-00000000000d','2025-06-17 10:00:00','medium'),
      ('20000000-0000-0000-0000-00000000000e','Add caching in Database','Task #14: Add caching to improve the Database module','10000000-0000-0000-0000-00000000000e','open','2025-05-20 10:05:00','2025-05-20 10:05:00','00000000-0000-0000-0000-00000000000e','2025-06-18 10:00:00','high'),
      ('20000000-0000-0000-0000-00000000000f','Set up monitoring in DevOps','Task #15: Set up monitoring to improve the DevOps module','10000000-0000-0000-0000-00000000000f','in progress','2025-05-20 10:05:00','2025-05-20 10:05:00','00000000-0000-0000-0000-00000000000f','2025-06-19 10:00:00','very high');

-- 4) 15 membership записа
INSERT INTO user_lists(user_id, list_id) VALUES
                                             ('00000000-0000-0000-0000-000000000001','10000000-0000-0000-0000-000000000001'),
                                             ('00000000-0000-0000-0000-000000000002','10000000-0000-0000-0000-000000000002'),
                                             ('00000000-0000-0000-0000-000000000003','10000000-0000-0000-0000-000000000003'),
                                             ('00000000-0000-0000-0000-000000000004','10000000-0000-0000-0000-000000000004'),
                                             ('00000000-0000-0000-0000-000000000005','10000000-0000-0000-0000-000000000005'),
                                             ('00000000-0000-0000-0000-000000000006','10000000-0000-0000-0000-000000000006'),
                                             ('00000000-0000-0000-0000-000000000007','10000000-0000-0000-0000-000000000007'),
                                             ('00000000-0000-0000-0000-000000000008','10000000-0000-0000-0000-000000000008'),
                                             ('00000000-0000-0000-0000-000000000009','10000000-0000-0000-0000-000000000009'),
                                             ('00000000-0000-0000-0000-00000000000a','10000000-0000-0000-0000-00000000000a'),
                                             ('00000000-0000-0000-0000-00000000000b','10000000-0000-0000-0000-00000000000b'),
                                             ('00000000-0000-0000-0000-00000000000c','10000000-0000-0000-0000-00000000000c'),
                                             ('00000000-0000-0000-0000-00000000000d','10000000-0000-0000-0000-00000000000d'),
                                             ('00000000-0000-0000-0000-00000000000e','10000000-0000-0000-0000-00000000000e'),
                                             ('00000000-0000-0000-0000-00000000000f','10000000-0000-0000-0000-00000000000f');

COMMIT;
